CompanyId,CompanyName,FleetId,LocationId,LocationName,VehicleId,VehicleRegistrationNumber,Wheel_Position,TyreId,TyreSerialNumber,ProductName,LastKnownPressure,LastKnownTreadDepth,TyreMountMileage,TyreMileage,TyreLifeName,TyreCode,VehicleAxlePosition,TyreMountDate
ee7248d7-2980-4921-8924-5bf70ce848bd,CORCELIP,ea63b952-1355-4ed4-97a5-b927edce0f1c,62f4518c-de4e-4621-b84c-023dd24132b4,EL AGUSTINO,069ec405-68eb-4fae-a9c6-b02e41ff3e09,BFO814,2RO,59bf72c1-11bd-455f-922e-005e200557bd,33006,ROADLUX R305 11R22.5,6.75685,2.4,2900,7979,New,,2,4/4/2021 4:59:42 PM +00:00
ee7248d7-2980-4921-8924-5bf70ce848bd,CORCELIP,ea63b952-1355-4ed4-97a5-b927edce0f1c,62f4518c-de4e-4621-b84c-023dd24132b4,EL AGUSTINO,856e9285-2826-41a3-b0ad-7bc605aee33f,ARK927,1LI,9b03768f-5f49-4393-80f8-01acc56fde78,ARK927010101,Sinproducto2,7.51527,3.1,,0,New,,1,
ee7248d7-2980-4921-8924-5bf70ce848bd,CORCELIP,ea63b952-1355-4ed4-97a5-b927edce0f1c,62f4518c-de4e-4621-b84c-023dd24132b4,EL AGUSTINO,2d85ddda-dcd6-4754-885b-e0dd042f2a30,CHANGEAXLE01_ADH825,2LI,b879046a-2ca6-45d9-b304-01dbc82d32f3,ADH825020201,Sinproducto2,,0,,0,New,,2,
ee7248d7-2980-4921-8924-5bf70ce848bd,CORCELIP,ea63b952-1355-4ed4-97a5-b927edce0f1c,62f4518c-de4e-4621-b84c-023dd24132b4,EL AGUSTINO,d6bbc721-586f-413b-89a4-09a094958d1e,AVP751,1LI,852fa7da-09cc-4669-81f6-0311dad87e73,33010,Super Cargo SC519 11R22.5,6.41211,10,70972,24942,New,,1,4/14/2021 4:59:58 PM +00:00
ee7248d7-2980-4921-8924-5bf70ce848bd,CORCELIP,ea63b952-1355-4ed4-97a5-b927edce0f1c,62f4518c-de4e-4621-b84c-023dd24132b4,EL AGUSTINO,848fa57a-294b-47c5-9654-4d57dca534af,F3C948,2LI,e3568d74-e7ff-4717-a13c-03964c123583,F3C948020201,Sinproducto2,,0,,0,New,,2,
ee7248d7-2980-4921-8924-5bf70ce848bd,CORCELIP,ea63b952-1355-4ed4-97a5-b927edce0f1c,62f4518c-de4e-4621-b84c-023dd24132b4,EL AGUSTINO,069ec405-68eb-4fae-a9c6-b02e41ff3e09,BFO814,3LI,66013d52-4ded-4b71-83df-078b702fe6d6,123126,Super Cargo SC305 11R22.5,,12.6,19794,7979,New,,3,12/20/2021 4:59:41 PM +00:00
ee7248d7-2980-4921-8924-5bf70ce848bd,CORCELIP,ea63b952-1355-4ed4-97a5-b927edce0f1c,62f4518c-de4e-4621-b84c-023dd24132b4,EL AGUSTINO,c99e2481-69cc-4894-8c9d-151cd787ac52,BFP857,3LI,7eec25bb-a57c-471b-94a9-082eb3e14cfb,93091,Super Cargo SC305 11R22.5,,13,4732,8379,New,,3,11/18/2021 2:23:20 AM +00:00
ee7248d7-2980-4921-8924-5bf70ce848bd,CORCELIP,ea63b952-1355-4ed4-97a5-b927edce0f1c,62f4518c-de4e-4621-b84c-023dd24132b4,EL AGUSTINO,52bbc5e4-4d09-4f7f-b2e9-e5b4ca8fdd38,ARI819,3RI,28979b8d-0b64-4040-a20c-091133adc1b2,103109,Super Cargo SC305 11R22.5,,20.3,176757,2869,New,,3,
ee7248d7-2980-4921-8924-5bf70ce848bd,CORCELIP,ea63b952-1355-4ed4-97a5-b927edce0f1c,62f4518c-de4e-4621-b84c-023dd24132b4,EL AGUSTINO,ed5db4fb-2cbe-4430-911e-ca454a77f3e4,ARI758,2RI,082d0e70-dfd9-436e-9d42-0d467ac96da9,53027,ARMKING RK29 11R22.5,,4.3,171182,6937,New,,2,5/23/2021 4:59:49 PM +00:00
ee7248d7-2980-4921-8924-5bf70ce848bd,CORCELIP,ea63b952-1355-4ed4-97a5-b927edce0f1c,62f4518c-de4e-4621-b84c-023dd24132b4,EL AGUSTINO,d6bbc721-586f-413b-89a4-09a094958d1e,AVP751,2LO,f7f899ca-7738-42c3-ac94-0f49b6c3a411,73058,Super Cargo SC305 11R22.5,6.89474,8,84418,3964,New,,2,7/27/2021 5:24:55 PM +00:00
ee7248d7-2980-4921-8924-5bf70ce848bd,CORCELIP,ea63b952-1355-4ed4-97a5-b927edce0f1c,62f4518c-de4e-4621-b84c-023dd24132b4,EL AGUSTINO,9d2b934f-adc9-4d9a-ad0a-49f427d2bcc4,BCD795,1LI,4e029073-eb7c-45e6-987b-0f4f86806fb7,BCD795010101,Sinproducto,6.41211,3.8,,0,New,,1,
ee7248d7-2980-4921-8924-5bf70ce848bd,CORCELIP,ea63b952-1355-4ed4-97a5-b927edce0f1c,62f4518c-de4e-4621-b84c-023dd24132b4,EL AGUSTINO,ed5db4fb-2cbe-4430-911e-ca454a77f3e4,ARI758,2LO,8bda843b-3429-48ce-9237-10a1732c4e01,ARI758020101,ROADLUX R305 11R22.5,,4.4,,0,New,,2,
ee7248d7-2980-4921-8924-5bf70ce848bd,CORCELIP,ea63b952-1355-4ed4-97a5-b927edce0f1c,62f4518c-de4e-4621-b84c-023dd24132b4,EL AGUSTINO,c99e2481-69cc-4894-8c9d-151cd787ac52,BFP857,2LO,b5d2ed07-b636-4050-aef7-129a112648fe,BFP857020101,Sinproducto2,,7,,0,New,,2,
ee7248d7-2980-4921-8924-5bf70ce848bd,CORCELIP,ea63b952-1355-4ed4-97a5-b927edce0f1c,62f4518c-de4e-4621-b84c-023dd24132b4,EL AGUSTINO,069ec405-68eb-4fae-a9c6-b02e41ff3e09,BFO814,3LO,65a48056-2a1a-44a6-b55f-12c364a5e4c6,123125,Super Cargo SC305 11R22.5,6.6879,13.1,19794,7979,New,,3,12/20/2021 4:59:41 PM +00:00
ee7248d7-2980-4921-8924-5bf70ce848bd,CORCELIP,ea63b952-1355-4ed4-97a5-b927edce0f1c,62f4518c-de4e-4621-b84c-023dd24132b4,EL AGUSTINO,81db9ba7-d780-4810-a627-384a13f23c93,ALU734,1LI,f2659aff-06db-4ac0-bb07-13aa91c69269,ALU734010101,Sinproducto2,6.55001,4,,0,New,,1,
ee7248d7-2980-4921-8924-5bf70ce848bd,CORCELIP,ea63b952-1355-4ed4-97a5-b927edce0f1c,62f4518c-de4e-4621-b84c-023dd24132b4,EL AGUSTINO,6779b097-67fa-457a-a40f-5860019d5aae,AYK702,3RI,8fca385f-476b-474b-b236-15049864c400,AYK702020301,Sinproducto2,,0,,0,New,,3,
ee7248d7-2980-4921-8924-5bf70ce848bd,CORCELIP,ea63b952-1355-4ed4-97a5-b927edce0f1c,62f4518c-de4e-4621-b84c-023dd24132b4,EL AGUSTINO,848fa57a-294b-47c5-9654-4d57dca534af,F3C948,2LO,c348cb13-9b5b-452a-98fb-1517d91242ad,F3C948020101,Sinproducto2,,0,,0,New,,2,
ee7248d7-2980-4921-8924-5bf70ce848bd,CORCELIP,ea63b952-1355-4ed4-97a5-b927edce0f1c,62f4518c-de4e-4621-b84c-023dd24132b4,EL AGUSTINO,6779b097-67fa-457a-a40f-5860019d5aae,AYK702,3LO,b9b3f247-7340-4072-9495-165afc797069,AYK702020101,Sinproducto2,,0,,0,New,,3,
ee7248d7-2980-4921-8924-5bf70ce848bd,CORCELIP,ea63b952-1355-4ed4-97a5-b927edce0f1c,62f4518c-de4e-4621-b84c-023dd24132b4,EL AGUSTINO,3694fe23-0298-46f7-b285-af323620f410,ABT813,1RI,e2f23434-e6bb-4d9e-9929-1735f06342db,ABT813010401,,,,,0,,,1,
ee7248d7-2980-4921-8924-5bf70ce848bd,CORCELIP,ea63b952-1355-4ed4-97a5-b927edce0f1c,62f4518c-de4e-4621-b84c-023dd24132b4,EL AGUSTINO,f58d6b79-cf46-4c9f-ae55-b1e30edadabb,AYJ931,3RI,5ccbe326-e106-4f45-a5b7-181b1deb07d8,93084,Super Cargo SC305 11R22.5,,16,112636,3249,New,,3,9/10/2021 11:59:37 AM -05:00
ee7248d7-2980-4921-8924-5bf70ce848bd,CORCELIP,ea63b952-1355-4ed4-97a5-b927edce0f1c,62f4518c-de4e-4621-b84c-023dd24132b4,EL AGUSTINO,b9851f7e-c29f-4eec-8cee-a95ca7840abd,BFP814,3LO,2e8642dd-96e8-463e-bebd-18502ee5f1c6,BFP814030101,Sinproducto2,,0,,0,New,,3,
ee7248d7-2980-4921-8924-5bf70ce848bd,CORCELIP,ea63b952-1355-4ed4-97a5-b927edce0f1c,62f4518c-de4e-4621-b84c-023dd24132b4,EL AGUSTINO,11245165-5aaa-417e-83d3-1d04fd08433a,BCD828,3RI,bf3982d3-f96e-4614-a687-195306d03eda,63046,ARMKING RK29 11R22.5,,11,27829,10248,New,,3,
ee7248d7-2980-4921-8924-5bf70ce848bd,CORCELIP,ea63b952-1355-4ed4-97a5-b927edce0f1c,62f4518c-de4e-4621-b84c-023dd24132b4,EL AGUSTINO,856e9285-2826-41a3-b0ad-7bc605aee33f,ARK927,2LO,246b68a2-2a7b-4342-a69f-1973973abb19,ARK927020101,Sinproducto2,6.61896,0.9,,0,New,,2,
ee7248d7-2980-4921-8924-5bf70ce848bd,CORCELIP,ea63b952-1355-4ed4-97a5-b927edce0f1c,62f4518c-de4e-4621-b84c-023dd24132b4,EL AGUSTINO,ed5db4fb-2cbe-4430-911e-ca454a77f3e4,ARI758,1RI,468ff19a-bdff-4793-8bbd-1b2d2d58a868,ARI758002,275/80R22.5 FG85 TL 149/146L PI,8.1358,9.7,183864,8413,New,,1,9/8/2021 4:58:20 PM +00:00
ee7248d7-2980-4921-8924-5bf70ce848bd,CORCELIP,ea63b952-1355-4ed4-97a5-b927edce0f1c,62f4518c-de4e-4621-b84c-023dd24132b4,EL AGUSTINO,ffaa8ab2-e0ab-4c7e-811c-adb7a2bcf9e2,BHU782,2RO,083def45-e7d2-4145-9947-1b53569685f5,33004,ROADLUX R305 11R22.5,5.86053,6,7422,10463,New,,2,11/18/2021 2:23:07 AM +00:00
ee7248d7-2980-4921-8924-5bf70ce848bd,CORCELIP,ea63b952-1355-4ed4-97a5-b927edce0f1c,62f4518c-de4e-4621-b84c-023dd24132b4,EL AGUSTINO,88988b87-e0b5-4837-986f-36bd46408cb7,BHY771,1RI,34b3902f-e54f-478d-9bf5-1e00eac94ea9,BHY771010401,,4.61948,10.7,,0,,,1,
ee7248d7-2980-4921-8924-5bf70ce848bd,CORCELIP,ea63b952-1355-4ed4-97a5-b927edce0f1c,62f4518c-de4e-4621-b84c-023dd24132b4,EL AGUSTINO,848fa57a-294b-47c5-9654-4d57dca534af,F3C948,3RO,dd1d29b6-1ce8-4d8e-ba76-1ed1626b5bcd,F3C948030401,Sinproducto2,,0,,0,New,,3,
ee7248d7-2980-4921-8924-5bf70ce848bd,CORCELIP,ea63b952-1355-4ed4-97a5-b927edce0f1c,62f4518c-de4e-4621-b84c-023dd24132b4,EL AGUSTINO,2d85ddda-dcd6-4754-885b-e0dd042f2a30,CHANGEAXLE01_ADH825,1LI,a4fe242f-1f68-4c7b-a6ab-1f5e5c8f0bac,ADH825010101,Sinproducto2,,0,,0,New,,1,
ee7248d7-2980-4921-8924-5bf70ce848bd,CORCELIP,ea63b952-1355-4ed4-97a5-b927edce0f1c,62f4518c-de4e-4621-b84c-023dd24132b4,EL AGUSTINO,7e4a2f97-f716-4391-84a4-e0d595ececab,F3A937,2RO,03703e55-cf29-4679-820f-201776126078,63039,ARMKING RK29 11R22.5,,5.3,248310,0,New,,2,10/13/2021 5:00:00 PM +00:00
ee7248d7-2980-4921-8924-5bf70ce848bd,CORCELIP,ea63b952-1355-4ed4-97a5-b927edce0f1c,62f4518c-de4e-4621-b84c-023dd24132b4,EL AGUSTINO,f58d6b79-cf46-4c9f-ae55-b1e30edadabb,AYJ931,2RO,c4a7b6ca-1f1d-45d1-8431-2057dbada003,53036,ARMKING RK29 11R22.5,,5.8,97501,3249,New,,2,4/29/2021 4:59:49 PM +00:00
ee7248d7-2980-4921-8924-5bf70ce848bd,CORCELIP,ea63b952-1355-4ed4-97a5-b927edce0f1c,62f4518c-de4e-4621-b84c-023dd24132b4,EL AGUSTINO,7daa6d6a-42c8-42df-8475-259aa4b4c300,ALU731,2LI,b20f3e98-8ade-4875-a753-20bbcf267630,ALU731020201,Sinproducto2,,3.5,,0,New,,2,
ee7248d7-2980-4921-8924-5bf70ce848bd,CORCELIP,ea63b952-1355-4ed4-97a5-b927edce0f1c,62f4518c-de4e-4621-b84c-023dd24132b4,EL AGUSTINO,ffaa8ab2-e0ab-4c7e-811c-adb7a2bcf9e2,BHU782,3LO,610a9979-9dcc-4656-9a1d-247d25a3c208,33200,Super Cargo SC305 11R22.5,6.8258,23.6,17885,0,New,,3,3/10/2022 5:00:02 PM +00:00
ee7248d7-2980-4921-8924-5bf70ce848bd,CORCELIP,ea63b952-1355-4ed4-97a5-b927edce0f1c,62f4518c-de4e-4621-b84c-023dd24132b4,EL AGUSTINO,9d2b934f-adc9-4d9a-ad0a-49f427d2bcc4,BCD795,2LO,46e401e6-b8e8-4960-a109-24d59d19bb0c,BCD795030101,ARMKING RK29 11R22.5,6.96369,6,,0,New,,2,
ee7248d7-2980-4921-8924-5bf70ce848bd,CORCELIP,ea63b952-1355-4ed4-97a5-b927edce0f1c,62f4518c-de4e-4621-b84c-023dd24132b4,EL AGUSTINO,ed5db4fb-2cbe-4430-911e-ca454a77f3e4,ARI758,2RO,fd69159f-bf78-4892-8a25-250219edace8,53028,ARMKING RK29 11R22.5,,4.6,171182,6937,New,,2,5/23/2021 4:59:49 PM +00:00
ee7248d7-2980-4921-8924-5bf70ce848bd,CORCELIP,ea63b952-1355-4ed4-97a5-b927edce0f1c,62f4518c-de4e-4621-b84c-023dd24132b4,EL AGUSTINO,069ec405-68eb-4fae-a9c6-b02e41ff3e09,BFO814,2LI,3302819e-d64e-4bb2-9d92-27703b845bdc,33007,ROADLUX R305 11R22.5,,2.6,2900,7979,New,,2,4/4/2021 4:59:42 PM +00:00
ee7248d7-2980-4921-8924-5bf70ce848bd,CORCELIP,ea63b952-1355-4ed4-97a5-b927edce0f1c,62f4518c-de4e-4621-b84c-023dd24132b4,EL AGUSTINO,856e9285-2826-41a3-b0ad-7bc605aee33f,ARK927,3RO,7580c10d-d4db-453a-9adb-27d817590cb2,73054,Super Cargo SC305 11R22.5,7.03264,17.7,186835,0,New,,3,8/12/2021 10:05:05 PM +00:00
ee7248d7-2980-4921-8924-5bf70ce848bd,CORCELIP,ea63b952-1355-4ed4-97a5-b927edce0f1c,62f4518c-de4e-4621-b84c-023dd24132b4,EL AGUSTINO,069ec405-68eb-4fae-a9c6-b02e41ff3e09,BFO814,2LO,9a0b0928-62e8-42ab-9078-28629b050ef8,33008,ROADLUX R305 11R22.5,6.75685,2.6,2900,7979,New,,2,4/4/2021 4:59:42 PM +00:00
ee7248d7-2980-4921-8924-5bf70ce848bd,CORCELIP,ea63b952-1355-4ed4-97a5-b927edce0f1c,62f4518c-de4e-4621-b84c-023dd24132b4,EL AGUSTINO,c99e2481-69cc-4894-8c9d-151cd787ac52,BFP857,3LO,d4bb0cb1-8331-44b1-bf20-28e2fe4c1630,93093,Super Cargo SC305 11R22.5,,13.4,4732,8379,New,,3,11/18/2021 2:23:20 AM +00:00
ee7248d7-2980-4921-8924-5bf70ce848bd,CORCELIP,ea63b952-1355-4ed4-97a5-b927edce0f1c,62f4518c-de4e-4621-b84c-023dd24132b4,EL AGUSTINO,d6bbc721-586f-413b-89a4-09a094958d1e,AVP751,3RO,573407ce-2e03-4fdf-b19c-298c94321df9,113113,Super Cargo SC305 11R22.5,6.89474,19.5,100127,3964,New,,3,11/30/2021 4:59:56 PM +00:00
ee7248d7-2980-4921-8924-5bf70ce848bd,CORCELIP,ea63b952-1355-4ed4-97a5-b927edce0f1c,62f4518c-de4e-4621-b84c-023dd24132b4,EL AGUSTINO,f58d6b79-cf46-4c9f-ae55-b1e30edadabb,AYJ931,1RI,c73f4b73-7214-487e-a0f6-2a9495431cdc,AYJ931010401,Super Cargo SC519 11R22.5,7.72211,9,,0,New,,1,
ee7248d7-2980-4921-8924-5bf70ce848bd,CORCELIP,ea63b952-1355-4ed4-97a5-b927edce0f1c,62f4518c-de4e-4621-b84c-023dd24132b4,EL AGUSTINO,6779b097-67fa-457a-a40f-5860019d5aae,AYK702,1LI,1531083e-3938-4a3d-8c9e-2c98cb4d0460,23167,Super Cargo SC519 11R22.5,,15,123079,0,New,,1,3/6/2022 5:00:00 PM +00:00
ee7248d7-2980-4921-8924-5bf70ce848bd,CORCELIP,ea63b952-1355-4ed4-97a5-b927edce0f1c,62f4518c-de4e-4621-b84c-023dd24132b4,EL AGUSTINO,9d2b934f-adc9-4d9a-ad0a-49f427d2bcc4,BCD795,3LI,e414043a-dd25-4898-ba82-2ce57dcbc465,93092,ARMKING RK29 11R22.5,,20.2,51543,1109,New,,3,9/25/2021 12:24:58 PM -05:00
ee7248d7-2980-4921-8924-5bf70ce848bd,CORCELIP,ea63b952-1355-4ed4-97a5-b927edce0f1c,62f4518c-de4e-4621-b84c-023dd24132b4,EL AGUSTINO,81db9ba7-d780-4810-a627-384a13f23c93,ALU734,2LI,74165a45-5742-487a-af9b-3028281e1938,ALU734020201,Sinproducto2,6.75685,1.5,,0,New,,2,
ee7248d7-2980-4921-8924-5bf70ce848bd,CORCELIP,ea63b952-1355-4ed4-97a5-b927edce0f1c,62f4518c-de4e-4621-b84c-023dd24132b4,EL AGUSTINO,52bbc5e4-4d09-4f7f-b2e9-e5b4ca8fdd38,ARI819,2LO,9808f84f-a6e3-44ea-878b-31815d9f8d1b,ARI819020101,Sinproducto2,5.86053,14,,0,New,,2,
ee7248d7-2980-4921-8924-5bf70ce848bd,CORCELIP,ea63b952-1355-4ed4-97a5-b927edce0f1c,62f4518c-de4e-4621-b84c-023dd24132b4,EL AGUSTINO,3694fe23-0298-46f7-b285-af323620f410,ABT813,3RI,fb66f529-6021-459f-a60c-327aa2c20e75,ABT813030301,Sinproducto2,,0,,0,New,,3,
ee7248d7-2980-4921-8924-5bf70ce848bd,CORCELIP,ea63b952-1355-4ed4-97a5-b927edce0f1c,62f4518c-de4e-4621-b84c-023dd24132b4,EL AGUSTINO,11245165-5aaa-417e-83d3-1d04fd08433a,BCD828,2RI,ed65c0e4-ac29-4256-977f-342468422de1,BCD828020301,Sinproducto,,4,,0,New,,2,
ee7248d7-2980-4921-8924-5bf70ce848bd,CORCELIP,ea63b952-1355-4ed4-97a5-b927edce0f1c,62f4518c-de4e-4621-b84c-023dd24132b4,EL AGUSTINO,88988b87-e0b5-4837-986f-36bd46408cb7,BHY771,3RO,3e70d004-2442-47eb-b017-34c133d03a55,103106,Super Cargo SC305 11R22.5,6.96369,11.2,3735,10201,New,,3,1/18/2022 12:44:34 AM +00:00
ee7248d7-2980-4921-8924-5bf70ce848bd,CORCELIP,ea63b952-1355-4ed4-97a5-b927edce0f1c,62f4518c-de4e-4621-b84c-023dd24132b4,EL AGUSTINO,848fa57a-294b-47c5-9654-4d57dca534af,F3C948,1RI,d06b1b55-582e-43c8-b545-378335797843,F3C948010401,Sinproducto2,,0,,0,New,,1,
ee7248d7-2980-4921-8924-5bf70ce848bd,CORCELIP,ea63b952-1355-4ed4-97a5-b927edce0f1c,62f4518c-de4e-4621-b84c-023dd24132b4,EL AGUSTINO,01097855-0427-46a9-bc57-ab0080112c8b,AVO933,2RI,d92e7c66-e99e-473c-b268-378580eca546,43019,ARMKING RK29 11R22.5,,1.1,106206,8959,New,,2,4/27/2021 5:00:00 PM +00:00
ee7248d7-2980-4921-8924-5bf70ce848bd,CORCELIP,ea63b952-1355-4ed4-97a5-b927edce0f1c,62f4518c-de4e-4621-b84c-023dd24132b4,EL AGUSTINO,ffaa8ab2-e0ab-4c7e-811c-adb7a2bcf9e2,BHU782,3RI,2ba541e2-5c13-4fdd-9472-380e5d635524,33197,Super Cargo SC305 11R22.5,6.89474,23.3,17885,0,New,,3,3/10/2022 5:00:02 PM +00:00
ee7248d7-2980-4921-8924-5bf70ce848bd,CORCELIP,ea63b952-1355-4ed4-97a5-b927edce0f1c,62f4518c-de4e-4621-b84c-023dd24132b4,EL AGUSTINO,7daa6d6a-42c8-42df-8475-259aa4b4c300,ALU731,2RO,af7f67b3-cde3-456a-91c4-3811a4f7a302,ALU731020401,Sinproducto2,6.48106,3.6,,0,New,,2,
ee7248d7-2980-4921-8924-5bf70ce848bd,CORCELIP,ea63b952-1355-4ed4-97a5-b927edce0f1c,62f4518c-de4e-4621-b84c-023dd24132b4,EL AGUSTINO,ed5db4fb-2cbe-4430-911e-ca454a77f3e4,ARI758,3RI,0c3fed2d-2fe6-40e5-a1b1-3929efee844a,93089,Super Cargo SC305 11R22.5,,17.7,185340,6937,New,,3,9/24/2021 11:59:37 AM -05:00
ee7248d7-2980-4921-8924-5bf70ce848bd,CORCELIP,ea63b952-1355-4ed4-97a5-b927edce0f1c,62f4518c-de4e-4621-b84c-023dd24132b4,EL AGUSTINO,2d85ddda-dcd6-4754-885b-e0dd042f2a30,CHANGEAXLE01_ADH825,2LO,c6ad4a4d-66f7-4937-8ee7-39587b134b7d,ADH825020101,Sinproducto2,,0,,0,New,,2,
ee7248d7-2980-4921-8924-5bf70ce848bd,CORCELIP,ea63b952-1355-4ed4-97a5-b927edce0f1c,62f4518c-de4e-4621-b84c-023dd24132b4,EL AGUSTINO,f58d6b79-cf46-4c9f-ae55-b1e30edadabb,AYJ931,2LO,4c7bbae1-369b-4d1b-a302-39a585ba5f34,53033,ARMKING RK29 11R22.5,,5.6,97501,3249,New,,2,4/29/2021 4:59:49 PM +00:00
ee7248d7-2980-4921-8924-5bf70ce848bd,CORCELIP,ea63b952-1355-4ed4-97a5-b927edce0f1c,62f4518c-de4e-4621-b84c-023dd24132b4,EL AGUSTINO,069ec405-68eb-4fae-a9c6-b02e41ff3e09,BFO814,1LI,39564fb0-14c0-494f-83f8-3af1db82754a,13151,Super Cargo SC211 11R22.5,6.20527,9.6,21214,6559,New,,1,1/8/2022 4:59:40 PM +00:00
ee7248d7-2980-4921-8924-5bf70ce848bd,CORCELIP,ea63b952-1355-4ed4-97a5-b927edce0f1c,62f4518c-de4e-4621-b84c-023dd24132b4,EL AGUSTINO,3694fe23-0298-46f7-b285-af323620f410,ABT813,2LO,abf0f1a2-ef7f-4853-80a7-3d487b26c362,ABT813020101,Sinproducto2,,0,,0,New,,2,
ee7248d7-2980-4921-8924-5bf70ce848bd,CORCELIP,ea63b952-1355-4ed4-97a5-b927edce0f1c,62f4518c-de4e-4621-b84c-023dd24132b4,EL AGUSTINO,848fa57a-294b-47c5-9654-4d57dca534af,F3C948,2RI,95afe879-35c9-4d4f-beb6-3ec5e79d2482,F3C948020301,Sinproducto2,,0,,0,New,,2,
ee7248d7-2980-4921-8924-5bf70ce848bd,CORCELIP,ea63b952-1355-4ed4-97a5-b927edce0f1c,62f4518c-de4e-4621-b84c-023dd24132b4,EL AGUSTINO,52bbc5e4-4d09-4f7f-b2e9-e5b4ca8fdd38,ARI819,2RI,d631aca7-a03d-46c8-927a-3f52021ebfaf,ARI819020301,Sinproducto2,,2,,0,New,,2,
ee7248d7-2980-4921-8924-5bf70ce848bd,CORCELIP,ea63b952-1355-4ed4-97a5-b927edce0f1c,62f4518c-de4e-4621-b84c-023dd24132b4,EL AGUSTINO,c99e2481-69cc-4894-8c9d-151cd787ac52,BFP857,3RO,c64154c9-9f01-44b2-b600-40c6071d27f4,93096,Super Cargo SC305 11R22.5,,13,4732,8379,New,,3,11/18/2021 2:23:20 AM +00:00
ee7248d7-2980-4921-8924-5bf70ce848bd,CORCELIP,ea63b952-1355-4ed4-97a5-b927edce0f1c,62f4518c-de4e-4621-b84c-023dd24132b4,EL AGUSTINO,c3a03b74-02ae-4aee-a77e-a590909b24b2,ADH825,3LO,6e05ac06-85a7-44b1-8c13-4244cebe3a9a,ADH825030102,Sinproducto2,,0,,0,New,,3,11/18/2021 2:17:06 AM +00:00
ee7248d7-2980-4921-8924-5bf70ce848bd,CORCELIP,ea63b952-1355-4ed4-97a5-b927edce0f1c,62f4518c-de4e-4621-b84c-023dd24132b4,EL AGUSTINO,c3a03b74-02ae-4aee-a77e-a590909b24b2,ADH825,2LO,394cca4d-3b3f-4c35-86f9-473fa35fa297,ADH825020102,Sinproducto2,,0,,0,New,,2,11/18/2021 2:17:06 AM +00:00
ee7248d7-2980-4921-8924-5bf70ce848bd,CORCELIP,ea63b952-1355-4ed4-97a5-b927edce0f1c,62f4518c-de4e-4621-b84c-023dd24132b4,EL AGUSTINO,11245165-5aaa-417e-83d3-1d04fd08433a,BCD828,2LI,2b02ac1d-5729-46d9-adf2-47f230d7e9dc,BCD828020201,Sinproducto,,2.9,,0,New,,2,
ee7248d7-2980-4921-8924-5bf70ce848bd,CORCELIP,ea63b952-1355-4ed4-97a5-b927edce0f1c,62f4518c-de4e-4621-b84c-023dd24132b4,EL AGUSTINO,01097855-0427-46a9-bc57-ab0080112c8b,AVO933,1LI,4bf46280-df81-45fd-b6b4-48a02a82bf6c,AVO93301,PIRELLI FR88 275/80R22.5,7.10159,7.8,124177,8959,New,,1,9/9/2021 8:56:51 PM +00:00
ee7248d7-2980-4921-8924-5bf70ce848bd,CORCELIP,ea63b952-1355-4ed4-97a5-b927edce0f1c,62f4518c-de4e-4621-b84c-023dd24132b4,EL AGUSTINO,f58d6b79-cf46-4c9f-ae55-b1e30edadabb,AYJ931,1LI,9554dfce-f17a-48c0-ae31-48fe42ba0c2f,AYJ931010101,Super Cargo SC519 11R22.5,6.27422,8.8,,0,New,,1,
ee7248d7-2980-4921-8924-5bf70ce848bd,CORCELIP,ea63b952-1355-4ed4-97a5-b927edce0f1c,62f4518c-de4e-4621-b84c-023dd24132b4,EL AGUSTINO,b9851f7e-c29f-4eec-8cee-a95ca7840abd,BFP814,2RO,ff8ffe28-de00-4d0a-b6e9-493a88152cd5,BFP814020401,Sinproducto2,,0,,0,New,,2,
ee7248d7-2980-4921-8924-5bf70ce848bd,CORCELIP,ea63b952-1355-4ed4-97a5-b927edce0f1c,62f4518c-de4e-4621-b84c-023dd24132b4,EL AGUSTINO,6779b097-67fa-457a-a40f-5860019d5aae,AYK702,3LI,485363a4-202a-4c49-a289-496f6022af9c,AYK702020201,Sinproducto2,,0,,0,New,,3,
ee7248d7-2980-4921-8924-5bf70ce848bd,CORCELIP,ea63b952-1355-4ed4-97a5-b927edce0f1c,62f4518c-de4e-4621-b84c-023dd24132b4,EL AGUSTINO,d6bbc721-586f-413b-89a4-09a094958d1e,AVP751,2LI,23c5eab5-d78e-40da-8d23-49a2b074d416,73049,Super Cargo SC305 11R22.5,6.89474,8.6,84418,3964,New,,2,7/27/2021 5:24:55 PM +00:00
ee7248d7-2980-4921-8924-5bf70ce848bd,CORCELIP,ea63b952-1355-4ed4-97a5-b927edce0f1c,62f4518c-de4e-4621-b84c-023dd24132b4,EL AGUSTINO,11245165-5aaa-417e-83d3-1d04fd08433a,BCD828,2LO,7b867efd-8cca-40a2-8314-4a9d7817b3a0,BCD828020101,Sinproducto,4.41264,1.8,,0,New,,2,
ee7248d7-2980-4921-8924-5bf70ce848bd,CORCELIP,ea63b952-1355-4ed4-97a5-b927edce0f1c,62f4518c-de4e-4621-b84c-023dd24132b4,EL AGUSTINO,11245165-5aaa-417e-83d3-1d04fd08433a,BCD828,3LI,c642c202-105c-4817-8a5d-4b092b38425e,63045,ARMKING RK29 11R22.5,,10.1,27829,10248,New,,3,
ee7248d7-2980-4921-8924-5bf70ce848bd,CORCELIP,ea63b952-1355-4ed4-97a5-b927edce0f1c,62f4518c-de4e-4621-b84c-023dd24132b4,EL AGUSTINO,c99e2481-69cc-4894-8c9d-151cd787ac52,BFP857,2RI,c51a7b2c-c9cc-4a5a-a324-4b4ee22f6212,BFP857020301,Sinproducto2,,8,,0,New,,2,
ee7248d7-2980-4921-8924-5bf70ce848bd,CORCELIP,ea63b952-1355-4ed4-97a5-b927edce0f1c,62f4518c-de4e-4621-b84c-023dd24132b4,EL AGUSTINO,848fa57a-294b-47c5-9654-4d57dca534af,F3C948,3LI,cad49721-0fbd-4c87-ad3d-4bb66b7e9e1d,F3C948030201,Sinproducto2,,0,,0,New,,3,
ee7248d7-2980-4921-8924-5bf70ce848bd,CORCELIP,ea63b952-1355-4ed4-97a5-b927edce0f1c,62f4518c-de4e-4621-b84c-023dd24132b4,EL AGUSTINO,3694fe23-0298-46f7-b285-af323620f410,ABT813,2RO,dd6fb914-1062-4b1c-9dca-4d76904462ae,ABT813020401,Sinproducto2,,0,,0,New,,2,
ee7248d7-2980-4921-8924-5bf70ce848bd,CORCELIP,ea63b952-1355-4ed4-97a5-b927edce0f1c,62f4518c-de4e-4621-b84c-023dd24132b4,EL AGUSTINO,d6bbc721-586f-413b-89a4-09a094958d1e,AVP751,3LI,ac998922-2453-44fd-8d17-4de835a380f8,113123,Super Cargo SC305 11R22.5,,19.5,100127,3964,New,,3,11/30/2021 4:59:56 PM +00:00
ee7248d7-2980-4921-8924-5bf70ce848bd,CORCELIP,ea63b952-1355-4ed4-97a5-b927edce0f1c,62f4518c-de4e-4621-b84c-023dd24132b4,EL AGUSTINO,01097855-0427-46a9-bc57-ab0080112c8b,AVO933,1RI,f6207e97-7dba-4476-ac05-4ec344d0a316,AVO93302,PIRELLI FR88 275/80R22.5,4.68843,8.1,124177,8959,New,,1,9/9/2021 8:56:51 PM +00:00
ee7248d7-2980-4921-8924-5bf70ce848bd,CORCELIP,ea63b952-1355-4ed4-97a5-b927edce0f1c,62f4518c-de4e-4621-b84c-023dd24132b4,EL AGUSTINO,ffaa8ab2-e0ab-4c7e-811c-adb7a2bcf9e2,BHU782,3RO,97098899-7a3d-43ad-8dda-4efa0c06c31f,33198,Super Cargo SC305 11R22.5,6.89474,23.4,17885,0,New,,3,3/10/2022 5:00:02 PM +00:00
ee7248d7-2980-4921-8924-5bf70ce848bd,CORCELIP,ea63b952-1355-4ed4-97a5-b927edce0f1c,62f4518c-de4e-4621-b84c-023dd24132b4,EL AGUSTINO,b9851f7e-c29f-4eec-8cee-a95ca7840abd,BFP814,2LI,0aa30d21-146a-481e-9494-51cfd3377bba,BFP814020201,Sinproducto2,,0,,0,New,,2,
ee7248d7-2980-4921-8924-5bf70ce848bd,CORCELIP,ea63b952-1355-4ed4-97a5-b927edce0f1c,62f4518c-de4e-4621-b84c-023dd24132b4,EL AGUSTINO,c3a03b74-02ae-4aee-a77e-a590909b24b2,ADH825,3RO,e2dfc8ff-8930-43cb-a127-529cb65ec43a,ADH825030402,Sinproducto2,,0,,0,New,,3,11/18/2021 2:17:06 AM +00:00
ee7248d7-2980-4921-8924-5bf70ce848bd,CORCELIP,ea63b952-1355-4ed4-97a5-b927edce0f1c,62f4518c-de4e-4621-b84c-023dd24132b4,EL AGUSTINO,9d2b934f-adc9-4d9a-ad0a-49f427d2bcc4,BCD795,2LI,d81e2639-64d0-45c2-993c-559797a40307,BCD795030201,ARMKING RK29 11R22.5,,5.5,,0,New,,2,
ee7248d7-2980-4921-8924-5bf70ce848bd,CORCELIP,ea63b952-1355-4ed4-97a5-b927edce0f1c,62f4518c-de4e-4621-b84c-023dd24132b4,EL AGUSTINO,7e4a2f97-f716-4391-84a4-e0d595ececab,F3A937,3LI,f921b961-c8e8-4d20-a84e-58dd715977d4,93079,Super Cargo SC305 11R22.5,,19.9,93078,948,New,,3,9/9/2021 11:59:58 AM -05:00
ee7248d7-2980-4921-8924-5bf70ce848bd,CORCELIP,ea63b952-1355-4ed4-97a5-b927edce0f1c,62f4518c-de4e-4621-b84c-023dd24132b4,EL AGUSTINO,9d2b934f-adc9-4d9a-ad0a-49f427d2bcc4,BCD795,1RI,861f83e4-605d-442f-9c24-5c18ee382e96,BCD795010401,Sinproducto,6.96369,3.1,,0,New,,1,
ee7248d7-2980-4921-8924-5bf70ce848bd,CORCELIP,ea63b952-1355-4ed4-97a5-b927edce0f1c,62f4518c-de4e-4621-b84c-023dd24132b4,EL AGUSTINO,b9851f7e-c29f-4eec-8cee-a95ca7840abd,BFP814,3RO,5821f4d0-6c7f-45ff-ab1f-5c62e904471d,BFP814030401,Sinproducto2,,0,,0,New,,3,
ee7248d7-2980-4921-8924-5bf70ce848bd,CORCELIP,ea63b952-1355-4ed4-97a5-b927edce0f1c,62f4518c-de4e-4621-b84c-023dd24132b4,EL AGUSTINO,f58d6b79-cf46-4c9f-ae55-b1e30edadabb,AYJ931,2RI,d4263eda-1c9a-4953-bb30-5d4da91a77c5,53035,ARMKING RK29 11R22.5,,5.5,97501,3249,New,,2,4/29/2021 4:59:49 PM +00:00
ee7248d7-2980-4921-8924-5bf70ce848bd,CORCELIP,ea63b952-1355-4ed4-97a5-b927edce0f1c,62f4518c-de4e-4621-b84c-023dd24132b4,EL AGUSTINO,81db9ba7-d780-4810-a627-384a13f23c93,ALU734,3RI,7b332892-edf0-49aa-a818-5f239ce5b946,83065,Super Cargo SC305 11R22.5,6.89474,13,189225,11583,New,,3,8/17/2021 5:00:02 PM +00:00
ee7248d7-2980-4921-8924-5bf70ce848bd,CORCELIP,ea63b952-1355-4ed4-97a5-b927edce0f1c,62f4518c-de4e-4621-b84c-023dd24132b4,EL AGUSTINO,848fa57a-294b-47c5-9654-4d57dca534af,F3C948,1LI,eeb8d39c-7b08-4c0d-b1fa-5fcfd3cab716,F3C948010101,Sinproducto2,,0,,0,New,,1,
ee7248d7-2980-4921-8924-5bf70ce848bd,CORCELIP,ea63b952-1355-4ed4-97a5-b927edce0f1c,62f4518c-de4e-4621-b84c-023dd24132b4,EL AGUSTINO,3694fe23-0298-46f7-b285-af323620f410,ABT813,2LI,ba11e1e3-ddc1-4594-ba9e-600d2a72ccf2,ABT813020201,Sinproducto2,,0,,0,New,,2,
ee7248d7-2980-4921-8924-5bf70ce848bd,CORCELIP,ea63b952-1355-4ed4-97a5-b927edce0f1c,62f4518c-de4e-4621-b84c-023dd24132b4,EL AGUSTINO,ed5db4fb-2cbe-4430-911e-ca454a77f3e4,ARI758,3RO,1e9b37a0-3d2f-437a-92db-63fc5afd14fa,93090,Super Cargo SC305 11R22.5,,16.7,185340,6937,New,,3,9/24/2021 11:59:37 AM -05:00
ee7248d7-2980-4921-8924-5bf70ce848bd,CORCELIP,ea63b952-1355-4ed4-97a5-b927edce0f1c,62f4518c-de4e-4621-b84c-023dd24132b4,EL AGUSTINO,88988b87-e0b5-4837-986f-36bd46408cb7,BHY771,2RI,271c99d4-fbd1-44ef-aeeb-652eca6d2f1c,BHY771020301,Sinproducto2,,7.5,,0,New,,2,
ee7248d7-2980-4921-8924-5bf70ce848bd,CORCELIP,ea63b952-1355-4ed4-97a5-b927edce0f1c,62f4518c-de4e-4621-b84c-023dd24132b4,EL AGUSTINO,856e9285-2826-41a3-b0ad-7bc605aee33f,ARK927,1RI,95a8530c-e41b-4f2b-8dde-66cbb70edf9f,ARK927010401,Sinproducto2,7.17053,6.1,,0,New,,1,
ee7248d7-2980-4921-8924-5bf70ce848bd,CORCELIP,ea63b952-1355-4ed4-97a5-b927edce0f1c,62f4518c-de4e-4621-b84c-023dd24132b4,EL AGUSTINO,c99e2481-69cc-4894-8c9d-151cd787ac52,BFP857,1LI,861098f0-bcbe-43f0-aa26-6a81494aa74d,BFP857010101,,,8,,0,,,1,
ee7248d7-2980-4921-8924-5bf70ce848bd,CORCELIP,ea63b952-1355-4ed4-97a5-b927edce0f1c,62f4518c-de4e-4621-b84c-023dd24132b4,EL AGUSTINO,7e4a2f97-f716-4391-84a4-e0d595ececab,F3A937,1RI,71db07b3-e374-487d-9e70-6b0a397ffd10,F3A937010401,Sinproducto2,6.61896,3,,0,New,,1,
ee7248d7-2980-4921-8924-5bf70ce848bd,CORCELIP,ea63b952-1355-4ed4-97a5-b927edce0f1c,62f4518c-de4e-4621-b84c-023dd24132b4,EL AGUSTINO,069ec405-68eb-4fae-a9c6-b02e41ff3e09,BFO814,3RI,35ecb3ee-f4bf-40c3-9d0c-6b4d18beea09,123127,Super Cargo SC305 11R22.5,,11.1,19794,7979,New,,3,12/20/2021 4:59:41 PM +00:00
ee7248d7-2980-4921-8924-5bf70ce848bd,CORCELIP,ea63b952-1355-4ed4-97a5-b927edce0f1c,62f4518c-de4e-4621-b84c-023dd24132b4,EL AGUSTINO,7daa6d6a-42c8-42df-8475-259aa4b4c300,ALU731,2RI,ce63ca7f-7fc0-4fbc-9d86-6ddbb5afbcee,ALU731020301,Sinproducto2,,3.9,,0,New,,2,
ee7248d7-2980-4921-8924-5bf70ce848bd,CORCELIP,ea63b952-1355-4ed4-97a5-b927edce0f1c,62f4518c-de4e-4621-b84c-023dd24132b4,EL AGUSTINO,81db9ba7-d780-4810-a627-384a13f23c93,ALU734,3LO,255bf025-6e05-42ed-b2ff-6de1ede034d9,83066,Super Cargo SC305 11R22.5,7.17053,14,189225,11583,New,,3,8/17/2021 5:00:02 PM +00:00
ee7248d7-2980-4921-8924-5bf70ce848bd,CORCELIP,ea63b952-1355-4ed4-97a5-b927edce0f1c,62f4518c-de4e-4621-b84c-023dd24132b4,EL AGUSTINO,7e4a2f97-f716-4391-84a4-e0d595ececab,F3A937,2LO,2db7b524-91b8-414e-8ad1-6ef89cff8f08,43015,Super Cargo SC519 11R22.5,6.34317,3,248310,0,New,,2,10/13/2021 5:00:00 PM +00:00
ee7248d7-2980-4921-8924-5bf70ce848bd,CORCELIP,ea63b952-1355-4ed4-97a5-b927edce0f1c,62f4518c-de4e-4621-b84c-023dd24132b4,EL AGUSTINO,7e4a2f97-f716-4391-84a4-e0d595ececab,F3A937,3LO,0d9674d3-84aa-4986-bf85-70ace1d2339e,93078,Super Cargo SC305 11R22.5,7.65317,20.4,93078,948,New,,3,9/9/2021 11:59:58 AM -05:00
ee7248d7-2980-4921-8924-5bf70ce848bd,CORCELIP,ea63b952-1355-4ed4-97a5-b927edce0f1c,62f4518c-de4e-4621-b84c-023dd24132b4,EL AGUSTINO,81db9ba7-d780-4810-a627-384a13f23c93,ALU734,3LI,3d1ecd73-371d-4674-9d89-712904371a61,83067,Super Cargo SC305 11R22.5,6.89474,13.5,189225,11583,New,,3,8/17/2021 5:00:02 PM +00:00
ee7248d7-2980-4921-8924-5bf70ce848bd,CORCELIP,ea63b952-1355-4ed4-97a5-b927edce0f1c,62f4518c-de4e-4621-b84c-023dd24132b4,EL AGUSTINO,ffaa8ab2-e0ab-4c7e-811c-adb7a2bcf9e2,BHU782,2LO,4d9b1479-34c0-4d84-adb1-7136f519f8c9,33001,ROADLUX R305 11R22.5,6.89474,6.1,7422,10463,New,,2,11/18/2021 2:23:07 AM +00:00
ee7248d7-2980-4921-8924-5bf70ce848bd,CORCELIP,ea63b952-1355-4ed4-97a5-b927edce0f1c,62f4518c-de4e-4621-b84c-023dd24132b4,EL AGUSTINO,52bbc5e4-4d09-4f7f-b2e9-e5b4ca8fdd38,ARI819,1RI,4db221f2-ce77-4ff3-87bc-72a9c9a18b50,43014,Super Cargo SC519 11R22.5,6.61896,4,157305,16801,New,,1,4/30/2021 4:59:50 PM +00:00
ee7248d7-2980-4921-8924-5bf70ce848bd,CORCELIP,ea63b952-1355-4ed4-97a5-b927edce0f1c,62f4518c-de4e-4621-b84c-023dd24132b4,EL AGUSTINO,848fa57a-294b-47c5-9654-4d57dca534af,F3C948,3LO,d2466374-7d80-476e-9b83-73cda82ae3ea,F3C948030101,Sinproducto2,,0,,0,New,,3,
ee7248d7-2980-4921-8924-5bf70ce848bd,CORCELIP,ea63b952-1355-4ed4-97a5-b927edce0f1c,62f4518c-de4e-4621-b84c-023dd24132b4,EL AGUSTINO,856e9285-2826-41a3-b0ad-7bc605aee33f,ARK927,3LO,d8172a0a-a5e2-451d-989f-74934b7819ce,73050,Super Cargo SC305 11R22.5,7.17053,16.9,186835,0,New,,3,8/12/2021 10:05:05 PM +00:00
ee7248d7-2980-4921-8924-5bf70ce848bd,CORCELIP,ea63b952-1355-4ed4-97a5-b927edce0f1c,62f4518c-de4e-4621-b84c-023dd24132b4,EL AGUSTINO,52bbc5e4-4d09-4f7f-b2e9-e5b4ca8fdd38,ARI819,3LO,421ee366-10f8-458e-afb2-754e80f518c2,162246,Super Cargo SC305 11R22.5,,20,176757,2869,New,,3,
ee7248d7-2980-4921-8924-5bf70ce848bd,CORCELIP,ea63b952-1355-4ed4-97a5-b927edce0f1c,62f4518c-de4e-4621-b84c-023dd24132b4,EL AGUSTINO,ffaa8ab2-e0ab-4c7e-811c-adb7a2bcf9e2,BHU782,2LI,977e43b6-1074-46f0-bf98-77c76293ee14,33002,ROADLUX R305 11R22.5,6.89474,6,7422,10463,New,,2,11/18/2021 2:23:07 AM +00:00
ee7248d7-2980-4921-8924-5bf70ce848bd,CORCELIP,ea63b952-1355-4ed4-97a5-b927edce0f1c,62f4518c-de4e-4621-b84c-023dd24132b4,EL AGUSTINO,856e9285-2826-41a3-b0ad-7bc605aee33f,ARK927,2RI,4114913d-a4c1-4033-b926-78e74b40143f,ARK927020301,Sinproducto2,,2.1,,0,New,,2,
ee7248d7-2980-4921-8924-5bf70ce848bd,CORCELIP,ea63b952-1355-4ed4-97a5-b927edce0f1c,62f4518c-de4e-4621-b84c-023dd24132b4,EL AGUSTINO,c3a03b74-02ae-4aee-a77e-a590909b24b2,ADH825,3RI,0928362c-6a7a-4a69-b04f-7950523ba6ab,ADH825030302,Sinproducto2,,0,,0,New,,3,11/18/2021 2:17:06 AM +00:00
ee7248d7-2980-4921-8924-5bf70ce848bd,CORCELIP,ea63b952-1355-4ed4-97a5-b927edce0f1c,62f4518c-de4e-4621-b84c-023dd24132b4,EL AGUSTINO,848fa57a-294b-47c5-9654-4d57dca534af,F3C948,2RO,1b5acb83-1cd3-48c8-97e8-79b805afd25f,F3C948020401,Sinproducto2,,0,,0,New,,2,
ee7248d7-2980-4921-8924-5bf70ce848bd,CORCELIP,ea63b952-1355-4ed4-97a5-b927edce0f1c,62f4518c-de4e-4621-b84c-023dd24132b4,EL AGUSTINO,c3a03b74-02ae-4aee-a77e-a590909b24b2,ADH825,2RI,b2721c0e-ebae-4744-834d-7a7ec71ef615,ADH825020302,Sinproducto2,,0,,0,New,,2,11/18/2021 2:17:06 AM +00:00
ee7248d7-2980-4921-8924-5bf70ce848bd,CORCELIP,ea63b952-1355-4ed4-97a5-b927edce0f1c,62f4518c-de4e-4621-b84c-023dd24132b4,EL AGUSTINO,88988b87-e0b5-4837-986f-36bd46408cb7,BHY771,2LI,fd9e2212-f868-42b5-855d-7e249a7c0dff,BHY771020201,Sinproducto2,,7.7,,0,New,,2,
ee7248d7-2980-4921-8924-5bf70ce848bd,CORCELIP,ea63b952-1355-4ed4-97a5-b927edce0f1c,62f4518c-de4e-4621-b84c-023dd24132b4,EL AGUSTINO,11245165-5aaa-417e-83d3-1d04fd08433a,BCD828,1LI,18742055-bc76-43d2-83c8-7e556b5476f3,BCD82801,PIRELLI FR88 275/80R22.5,5.03316,6.1,30844,4666,New,,1,9/9/2021 7:49:14 PM +00:00
ee7248d7-2980-4921-8924-5bf70ce848bd,CORCELIP,ea63b952-1355-4ed4-97a5-b927edce0f1c,62f4518c-de4e-4621-b84c-023dd24132b4,EL AGUSTINO,856e9285-2826-41a3-b0ad-7bc605aee33f,ARK927,2RO,bae71b6d-705b-49e3-9749-7ee31fae7178,ARK927020401,Sinproducto2,4.27474,0.5,,0,New,,2,
ee7248d7-2980-4921-8924-5bf70ce848bd,CORCELIP,ea63b952-1355-4ed4-97a5-b927edce0f1c,62f4518c-de4e-4621-b84c-023dd24132b4,EL AGUSTINO,88988b87-e0b5-4837-986f-36bd46408cb7,BHY771,1LI,d4602775-c9a0-4a4f-b128-7f9eb5810beb,BHY771010101,,6.13632,10,,0,,,1,
ee7248d7-2980-4921-8924-5bf70ce848bd,CORCELIP,ea63b952-1355-4ed4-97a5-b927edce0f1c,62f4518c-de4e-4621-b84c-023dd24132b4,EL AGUSTINO,7e4a2f97-f716-4391-84a4-e0d595ececab,F3A937,1LI,1aa3c0d1-2584-4460-a457-820898fdf6dc,F3A937010101,Sinproducto2,5.79159,4.1,,0,New,,1,
ee7248d7-2980-4921-8924-5bf70ce848bd,CORCELIP,ea63b952-1355-4ed4-97a5-b927edce0f1c,62f4518c-de4e-4621-b84c-023dd24132b4,EL AGUSTINO,069ec405-68eb-4fae-a9c6-b02e41ff3e09,BFO814,3RO,3657262a-d0ae-488f-a4f5-837bf17dcb0f,123128,Super Cargo SC305 11R22.5,2.48211,13.4,19794,7979,New,,3,12/20/2021 4:59:41 PM +00:00
ee7248d7-2980-4921-8924-5bf70ce848bd,CORCELIP,ea63b952-1355-4ed4-97a5-b927edce0f1c,62f4518c-de4e-4621-b84c-023dd24132b4,EL AGUSTINO,7daa6d6a-42c8-42df-8475-259aa4b4c300,ALU731,3LI,5bccc359-b751-4b66-aa43-861c5ba6b344,83069,Super Cargo SC305 11R22.5,,12,183271,12658,New,,3,8/16/2021 4:35:00 PM +00:00
ee7248d7-2980-4921-8924-5bf70ce848bd,CORCELIP,ea63b952-1355-4ed4-97a5-b927edce0f1c,62f4518c-de4e-4621-b84c-023dd24132b4,EL AGUSTINO,52bbc5e4-4d09-4f7f-b2e9-e5b4ca8fdd38,ARI819,3LI,3b3a4c58-5650-4a37-805b-88b07a7b45c5,103101,Super Cargo SC305 11R22.5,,20.5,176757,2869,New,,3,
ee7248d7-2980-4921-8924-5bf70ce848bd,CORCELIP,ea63b952-1355-4ed4-97a5-b927edce0f1c,62f4518c-de4e-4621-b84c-023dd24132b4,EL AGUSTINO,856e9285-2826-41a3-b0ad-7bc605aee33f,ARK927,3RI,03ff5206-4945-4fe4-897a-8b9f3618cdda,73057,Super Cargo SC305 11R22.5,,16.3,186835,0,New,,3,8/12/2021 10:05:05 PM +00:00
ee7248d7-2980-4921-8924-5bf70ce848bd,CORCELIP,ea63b952-1355-4ed4-97a5-b927edce0f1c,62f4518c-de4e-4621-b84c-023dd24132b4,EL AGUSTINO,01097855-0427-46a9-bc57-ab0080112c8b,AVO933,2LO,b0df0312-de84-42e3-a57e-8c78b7effdbc,43023,ARMKING RK29 11R22.5,6.89474,1.6,106206,8959,New,,2,4/27/2021 5:00:00 PM +00:00
ee7248d7-2980-4921-8924-5bf70ce848bd,CORCELIP,ea63b952-1355-4ed4-97a5-b927edce0f1c,62f4518c-de4e-4621-b84c-023dd24132b4,EL AGUSTINO,b9851f7e-c29f-4eec-8cee-a95ca7840abd,BFP814,2LO,a2b5ad76-e3f1-4412-a4cf-8d76c40a07c1,BFP814020101,Sinproducto2,,0,,0,New,,2,
ee7248d7-2980-4921-8924-5bf70ce848bd,CORCELIP,ea63b952-1355-4ed4-97a5-b927edce0f1c,62f4518c-de4e-4621-b84c-023dd24132b4,EL AGUSTINO,6779b097-67fa-457a-a40f-5860019d5aae,AYK702,2LO,5aa3c7c4-c194-4e86-a614-8d79520d8cb0,53029,ARMKING RK29 11R22.5,,4,91788,31291,,,2,5/26/2021 5:00:00 PM +00:00
ee7248d7-2980-4921-8924-5bf70ce848bd,CORCELIP,ea63b952-1355-4ed4-97a5-b927edce0f1c,62f4518c-de4e-4621-b84c-023dd24132b4,EL AGUSTINO,9d2b934f-adc9-4d9a-ad0a-49f427d2bcc4,BCD795,3RI,ed440cfc-124f-48e4-9c61-8e58ccc854dc,93097,ARMKING RK29 11R22.5,,20,51543,1109,New,,3,9/25/2021 12:24:58 PM -05:00
ee7248d7-2980-4921-8924-5bf70ce848bd,CORCELIP,ea63b952-1355-4ed4-97a5-b927edce0f1c,62f4518c-de4e-4621-b84c-023dd24132b4,EL AGUSTINO,7daa6d6a-42c8-42df-8475-259aa4b4c300,ALU731,1LI,e9a0c13e-8726-4828-8876-90542013c7a9,33011,Super Cargo SC519 11R22.5,7.10159,6.3,170354,25575,New,,1,4/15/2021 5:00:01 PM +00:00
ee7248d7-2980-4921-8924-5bf70ce848bd,CORCELIP,ea63b952-1355-4ed4-97a5-b927edce0f1c,62f4518c-de4e-4621-b84c-023dd24132b4,EL AGUSTINO,88988b87-e0b5-4837-986f-36bd46408cb7,BHY771,3LO,4c1fc8eb-dab2-473b-8c41-91f49e0bdd0c,103103,Super Cargo SC305 11R22.5,6.48106,12.3,3735,10201,New,,3,1/18/2022 12:15:43 AM +00:00
ee7248d7-2980-4921-8924-5bf70ce848bd,CORCELIP,ea63b952-1355-4ed4-97a5-b927edce0f1c,62f4518c-de4e-4621-b84c-023dd24132b4,EL AGUSTINO,c99e2481-69cc-4894-8c9d-151cd787ac52,BFP857,3RI,ac7f2146-976a-4f60-b23a-936442d435ec,93100,Super Cargo SC305 11R22.5,,14.3,4732,8379,New,,3,11/18/2021 2:23:20 AM +00:00
ee7248d7-2980-4921-8924-5bf70ce848bd,CORCELIP,ea63b952-1355-4ed4-97a5-b927edce0f1c,62f4518c-de4e-4621-b84c-023dd24132b4,EL AGUSTINO,6779b097-67fa-457a-a40f-5860019d5aae,AYK702,1RI,7d05446c-34bf-4539-a617-9508bafd704e,23173,Super Cargo SC519 11R22.5,,15,123079,0,New,,1,3/6/2022 5:00:00 PM +00:00
ee7248d7-2980-4921-8924-5bf70ce848bd,CORCELIP,ea63b952-1355-4ed4-97a5-b927edce0f1c,62f4518c-de4e-4621-b84c-023dd24132b4,EL AGUSTINO,01097855-0427-46a9-bc57-ab0080112c8b,AVO933,2RO,a1f6c8a8-ad78-40d9-bf7b-98e5c62cae77,43021,ARMKING RK29 11R22.5,3.65421,1.6,106206,8959,New,,2,4/27/2021 5:00:00 PM +00:00
ee7248d7-2980-4921-8924-5bf70ce848bd,CORCELIP,ea63b952-1355-4ed4-97a5-b927edce0f1c,62f4518c-de4e-4621-b84c-023dd24132b4,EL AGUSTINO,9d2b934f-adc9-4d9a-ad0a-49f427d2bcc4,BCD795,3LO,14ffac63-adfd-41c7-a451-98f4eba889f1,93098,ARMKING RK29 11R22.5,6.61896,20.5,51543,1109,New,,3,9/25/2021 12:24:58 PM -05:00
ee7248d7-2980-4921-8924-5bf70ce848bd,CORCELIP,ea63b952-1355-4ed4-97a5-b927edce0f1c,62f4518c-de4e-4621-b84c-023dd24132b4,EL AGUSTINO,f58d6b79-cf46-4c9f-ae55-b1e30edadabb,AYJ931,3RO,a9cb8a80-9efc-4a24-b70e-999356f92630,93087,Super Cargo SC305 11R22.5,,16.4,112636,3249,New,,3,9/10/2021 11:59:37 AM -05:00
ee7248d7-2980-4921-8924-5bf70ce848bd,CORCELIP,ea63b952-1355-4ed4-97a5-b927edce0f1c,62f4518c-de4e-4621-b84c-023dd24132b4,EL AGUSTINO,3694fe23-0298-46f7-b285-af323620f410,ABT813,3RO,f529007c-e6fc-4598-8e3f-99ca7fa7caad,ABT813030401,Sinproducto2,,0,,0,New,,3,
ee7248d7-2980-4921-8924-5bf70ce848bd,CORCELIP,ea63b952-1355-4ed4-97a5-b927edce0f1c,62f4518c-de4e-4621-b84c-023dd24132b4,EL AGUSTINO,6779b097-67fa-457a-a40f-5860019d5aae,AYK702,2RI,244a5de2-a427-4f44-b144-9d01ac1cb41e,53032,ARMKING RK29 11R22.5,,3,91788,31291,,,2,5/26/2021 5:00:00 PM +00:00
ee7248d7-2980-4921-8924-5bf70ce848bd,CORCELIP,ea63b952-1355-4ed4-97a5-b927edce0f1c,62f4518c-de4e-4621-b84c-023dd24132b4,EL AGUSTINO,c99e2481-69cc-4894-8c9d-151cd787ac52,BFP857,2RO,379ed5bb-f576-43c7-bcc6-9f3dcd76bf10,BFP857020401,Sinproducto2,,7,,0,New,,2,
ee7248d7-2980-4921-8924-5bf70ce848bd,CORCELIP,ea63b952-1355-4ed4-97a5-b927edce0f1c,62f4518c-de4e-4621-b84c-023dd24132b4,EL AGUSTINO,88988b87-e0b5-4837-986f-36bd46408cb7,BHY771,2RO,2c686ad1-ae9d-4f34-a192-9fc91a3174d7,BHY771020401,Sinproducto2,6.75685,7.9,,0,New,,2,
ee7248d7-2980-4921-8924-5bf70ce848bd,CORCELIP,ea63b952-1355-4ed4-97a5-b927edce0f1c,62f4518c-de4e-4621-b84c-023dd24132b4,EL AGUSTINO,f58d6b79-cf46-4c9f-ae55-b1e30edadabb,AYJ931,3LO,e3be0e87-585c-4e6a-96f1-a2e61f900f42,93083,Super Cargo SC305 11R22.5,,16,112636,3249,New,,3,9/10/2021 11:59:37 AM -05:00
ee7248d7-2980-4921-8924-5bf70ce848bd,CORCELIP,ea63b952-1355-4ed4-97a5-b927edce0f1c,62f4518c-de4e-4621-b84c-023dd24132b4,EL AGUSTINO,c3a03b74-02ae-4aee-a77e-a590909b24b2,ADH825,1LI,d915bb11-c2fb-4028-8144-a3dea980cd5e,ADH825010102,Sinproducto2,,0,,0,New,,1,11/18/2021 2:17:06 AM +00:00
ee7248d7-2980-4921-8924-5bf70ce848bd,CORCELIP,ea63b952-1355-4ed4-97a5-b927edce0f1c,62f4518c-de4e-4621-b84c-023dd24132b4,EL AGUSTINO,01097855-0427-46a9-bc57-ab0080112c8b,AVO933,2LI,b82c8862-c3f2-48e6-b4bc-a4fdfec421b9,43022,ARMKING RK29 11R22.5,,0.6,106206,8959,New,,2,4/27/2021 5:00:00 PM +00:00
ee7248d7-2980-4921-8924-5bf70ce848bd,CORCELIP,ea63b952-1355-4ed4-97a5-b927edce0f1c,62f4518c-de4e-4621-b84c-023dd24132b4,EL AGUSTINO,ffaa8ab2-e0ab-4c7e-811c-adb7a2bcf9e2,BHU782,1LI,7b37f365-0e31-49f6-8fc4-a529874ab997,BHU782010101,,6.8258,6.4,,0,,,1,
ee7248d7-2980-4921-8924-5bf70ce848bd,CORCELIP,ea63b952-1355-4ed4-97a5-b927edce0f1c,62f4518c-de4e-4621-b84c-023dd24132b4,EL AGUSTINO,88988b87-e0b5-4837-986f-36bd46408cb7,BHY771,3RI,476f291d-f6e1-4d08-a8ab-a5313fda6859,103104,Super Cargo SC305 11R22.5,6.89474,12.4,3735,10201,New,,3,1/18/2022 12:44:34 AM +00:00
ee7248d7-2980-4921-8924-5bf70ce848bd,CORCELIP,ea63b952-1355-4ed4-97a5-b927edce0f1c,62f4518c-de4e-4621-b84c-023dd24132b4,EL AGUSTINO,3694fe23-0298-46f7-b285-af323620f410,ABT813,3LO,78013bfa-21d0-44f2-9b0d-a6de73eb8244,ABT813030101,Sinproducto2,,0,,0,New,,3,
ee7248d7-2980-4921-8924-5bf70ce848bd,CORCELIP,ea63b952-1355-4ed4-97a5-b927edce0f1c,62f4518c-de4e-4621-b84c-023dd24132b4,EL AGUSTINO,01097855-0427-46a9-bc57-ab0080112c8b,AVO933,3RI,d1317026-5819-4d08-8bc6-a82ab3231f49,73059,Super Cargo SC305 11R22.5,6.89474,7.1,118003,8959,New,,3,8/12/2021 2:51:54 PM -05:00
ee7248d7-2980-4921-8924-5bf70ce848bd,CORCELIP,ea63b952-1355-4ed4-97a5-b927edce0f1c,62f4518c-de4e-4621-b84c-023dd24132b4,EL AGUSTINO,b9851f7e-c29f-4eec-8cee-a95ca7840abd,BFP814,1LI,3086cdb9-66ba-480e-96ce-a99ad644ad46,BFP814010101,,,,,0,,,1,
ee7248d7-2980-4921-8924-5bf70ce848bd,CORCELIP,ea63b952-1355-4ed4-97a5-b927edce0f1c,62f4518c-de4e-4621-b84c-023dd24132b4,EL AGUSTINO,f58d6b79-cf46-4c9f-ae55-b1e30edadabb,AYJ931,3LI,7999f586-ddc5-4c48-99fd-aa75298baf93,93085,Super Cargo SC305 11R22.5,,16,112636,3249,New,,3,9/10/2021 11:59:37 AM -05:00
ee7248d7-2980-4921-8924-5bf70ce848bd,CORCELIP,ea63b952-1355-4ed4-97a5-b927edce0f1c,62f4518c-de4e-4621-b84c-023dd24132b4,EL AGUSTINO,11245165-5aaa-417e-83d3-1d04fd08433a,BCD828,1RI,c7490369-3661-4baa-a29a-aa8c53ebf482,BCD82802,PIRELLI FR88 275/80R22.5,6.27422,8.2,30844,4666,New,,1,9/9/2021 7:49:14 PM +00:00
ee7248d7-2980-4921-8924-5bf70ce848bd,CORCELIP,ea63b952-1355-4ed4-97a5-b927edce0f1c,62f4518c-de4e-4621-b84c-023dd24132b4,EL AGUSTINO,6779b097-67fa-457a-a40f-5860019d5aae,AYK702,2LI,911ef15d-5e87-4f1c-b0d5-aaede31872ef,53030,ARMKING RK29 11R22.5,,3,91788,31291,,,2,5/26/2021 5:00:00 PM +00:00
ee7248d7-2980-4921-8924-5bf70ce848bd,CORCELIP,ea63b952-1355-4ed4-97a5-b927edce0f1c,62f4518c-de4e-4621-b84c-023dd24132b4,EL AGUSTINO,f58d6b79-cf46-4c9f-ae55-b1e30edadabb,AYJ931,2LI,c3ab4bde-66dd-49ff-be00-ab942994d8c1,53034,ARMKING RK29 11R22.5,,7.3,97501,3249,New,,2,4/29/2021 4:59:49 PM +00:00
ee7248d7-2980-4921-8924-5bf70ce848bd,CORCELIP,ea63b952-1355-4ed4-97a5-b927edce0f1c,62f4518c-de4e-4621-b84c-023dd24132b4,EL AGUSTINO,7daa6d6a-42c8-42df-8475-259aa4b4c300,ALU731,2LO,338b6617-2a0b-4b61-875f-ac07a8dd6c80,ALU731020101,Sinproducto2,6.8258,2.2,,0,New,,2,
ee7248d7-2980-4921-8924-5bf70ce848bd,CORCELIP,ea63b952-1355-4ed4-97a5-b927edce0f1c,62f4518c-de4e-4621-b84c-023dd24132b4,EL AGUSTINO,3694fe23-0298-46f7-b285-af323620f410,ABT813,1LI,0bbf8d5a-6d2d-49b2-9382-ae011cd53333,ABT813010101,,,,,0,,,1,
ee7248d7-2980-4921-8924-5bf70ce848bd,CORCELIP,ea63b952-1355-4ed4-97a5-b927edce0f1c,62f4518c-de4e-4621-b84c-023dd24132b4,EL AGUSTINO,ed5db4fb-2cbe-4430-911e-ca454a77f3e4,ARI758,2LI,0df1b3e0-dba9-4a82-a2d3-b0095ac12898,53026,ARMKING RK29 11R22.5,,4.5,171182,6937,New,,2,5/23/2021 4:59:49 PM +00:00
ee7248d7-2980-4921-8924-5bf70ce848bd,CORCELIP,ea63b952-1355-4ed4-97a5-b927edce0f1c,62f4518c-de4e-4621-b84c-023dd24132b4,EL AGUSTINO,6779b097-67fa-457a-a40f-5860019d5aae,AYK702,2RO,1c5dc6ed-9c66-4966-bad6-b15afe4b28be,53031,ARMKING RK29 11R22.5,,4,91788,31291,,,2,5/26/2021 5:00:00 PM +00:00
ee7248d7-2980-4921-8924-5bf70ce848bd,CORCELIP,ea63b952-1355-4ed4-97a5-b927edce0f1c,62f4518c-de4e-4621-b84c-023dd24132b4,EL AGUSTINO,b9851f7e-c29f-4eec-8cee-a95ca7840abd,BFP814,3RI,184f95ca-20fe-404c-ae90-b364489a89fb,BFP814030301,Sinproducto2,,0,,0,New,,3,
ee7248d7-2980-4921-8924-5bf70ce848bd,CORCELIP,ea63b952-1355-4ed4-97a5-b927edce0f1c,62f4518c-de4e-4621-b84c-023dd24132b4,EL AGUSTINO,7daa6d6a-42c8-42df-8475-259aa4b4c300,ALU731,3RI,2b7361ab-9dec-4a90-90a8-b66c9afd1775,83068,Super Cargo SC305 11R22.5,,12.5,183271,12658,New,,3,8/16/2021 4:35:00 PM +00:00
ee7248d7-2980-4921-8924-5bf70ce848bd,CORCELIP,ea63b952-1355-4ed4-97a5-b927edce0f1c,62f4518c-de4e-4621-b84c-023dd24132b4,EL AGUSTINO,ffaa8ab2-e0ab-4c7e-811c-adb7a2bcf9e2,BHU782,1RI,4f7c159a-dc0b-40ae-b9f1-b6819fa493e7,BHU782010401,,6.61896,7.6,,0,,,1,
ee7248d7-2980-4921-8924-5bf70ce848bd,CORCELIP,ea63b952-1355-4ed4-97a5-b927edce0f1c,62f4518c-de4e-4621-b84c-023dd24132b4,EL AGUSTINO,d6bbc721-586f-413b-89a4-09a094958d1e,AVP751,3LO,e6baae90-4269-4865-84ff-b93efa7e642b,113114,Super Cargo SC305 11R22.5,6.89474,20,100127,3964,New,,3,11/30/2021 4:59:56 PM +00:00
ee7248d7-2980-4921-8924-5bf70ce848bd,CORCELIP,ea63b952-1355-4ed4-97a5-b927edce0f1c,62f4518c-de4e-4621-b84c-023dd24132b4,EL AGUSTINO,01097855-0427-46a9-bc57-ab0080112c8b,AVO933,3LO,0507437e-1d95-410a-b2a1-ba01efcab082,73056,Super Cargo SC305 11R22.5,7.92896,9,118003,8959,New,,3,8/12/2021 2:51:54 PM -05:00
ee7248d7-2980-4921-8924-5bf70ce848bd,CORCELIP,ea63b952-1355-4ed4-97a5-b927edce0f1c,62f4518c-de4e-4621-b84c-023dd24132b4,EL AGUSTINO,d6bbc721-586f-413b-89a4-09a094958d1e,AVP751,2RO,158f2f5e-056a-4b0c-97a5-bac70a94185f,73053,Super Cargo SC305 11R22.5,6.75685,9,84418,3964,New,,2,7/27/2021 5:24:55 PM +00:00
ee7248d7-2980-4921-8924-5bf70ce848bd,CORCELIP,ea63b952-1355-4ed4-97a5-b927edce0f1c,62f4518c-de4e-4621-b84c-023dd24132b4,EL AGUSTINO,6779b097-67fa-457a-a40f-5860019d5aae,AYK702,3RO,196064e0-50a8-4453-9c4e-bac9ae3feb02,AYK702020401,Sinproducto2,,0,,0,New,,3,
ee7248d7-2980-4921-8924-5bf70ce848bd,CORCELIP,ea63b952-1355-4ed4-97a5-b927edce0f1c,62f4518c-de4e-4621-b84c-023dd24132b4,EL AGUSTINO,848fa57a-294b-47c5-9654-4d57dca534af,F3C948,3RI,59e6ad62-6f23-43cc-b5bf-bb58a01ebfb9,F3C948030301,Sinproducto2,,0,,0,New,,3,
ee7248d7-2980-4921-8924-5bf70ce848bd,CORCELIP,ea63b952-1355-4ed4-97a5-b927edce0f1c,62f4518c-de4e-4621-b84c-023dd24132b4,EL AGUSTINO,88988b87-e0b5-4837-986f-36bd46408cb7,BHY771,3LI,0071dd50-6a69-4193-b7ea-bd3aefc7d02c,103105,Super Cargo SC305 11R22.5,6.89474,12.1,3735,10201,New,,3,1/18/2022 12:15:43 AM +00:00
ee7248d7-2980-4921-8924-5bf70ce848bd,CORCELIP,ea63b952-1355-4ed4-97a5-b927edce0f1c,62f4518c-de4e-4621-b84c-023dd24132b4,EL AGUSTINO,c3a03b74-02ae-4aee-a77e-a590909b24b2,ADH825,2LI,a4b5ba52-e70b-4330-a198-bd851f6c6b02,ADH825020202,Sinproducto2,,0,,0,New,,2,11/18/2021 2:17:06 AM +00:00
ee7248d7-2980-4921-8924-5bf70ce848bd,CORCELIP,ea63b952-1355-4ed4-97a5-b927edce0f1c,62f4518c-de4e-4621-b84c-023dd24132b4,EL AGUSTINO,2d85ddda-dcd6-4754-885b-e0dd042f2a30,CHANGEAXLE01_ADH825,1RI,56ceb2c6-2533-4fe2-aa21-bf81ed646f90,ADH825010401,Sinproducto2,,0,,0,New,,1,
ee7248d7-2980-4921-8924-5bf70ce848bd,CORCELIP,ea63b952-1355-4ed4-97a5-b927edce0f1c,62f4518c-de4e-4621-b84c-023dd24132b4,EL AGUSTINO,7daa6d6a-42c8-42df-8475-259aa4b4c300,ALU731,3LO,d50d2bbe-69e0-423f-8475-c16766639b0d,83071,Super Cargo SC305 11R22.5,6.6879,13.2,183271,12658,New,,3,8/16/2021 5:00:00 PM +00:00
ee7248d7-2980-4921-8924-5bf70ce848bd,CORCELIP,ea63b952-1355-4ed4-97a5-b927edce0f1c,62f4518c-de4e-4621-b84c-023dd24132b4,EL AGUSTINO,81db9ba7-d780-4810-a627-384a13f23c93,ALU734,2RI,66f5e2b3-9b09-4ccb-a68a-c222feaf6ffb,ALU734020301,Sinproducto2,,2,,0,New,,2,
ee7248d7-2980-4921-8924-5bf70ce848bd,CORCELIP,ea63b952-1355-4ed4-97a5-b927edce0f1c,62f4518c-de4e-4621-b84c-023dd24132b4,EL AGUSTINO,3694fe23-0298-46f7-b285-af323620f410,ABT813,2RI,ebe3956d-c888-4fa0-84e1-c3f2adecc4fe,ABT813020301,Sinproducto2,,0,,0,New,,2,
ee7248d7-2980-4921-8924-5bf70ce848bd,CORCELIP,ea63b952-1355-4ed4-97a5-b927edce0f1c,62f4518c-de4e-4621-b84c-023dd24132b4,EL AGUSTINO,3694fe23-0298-46f7-b285-af323620f410,ABT813,3LI,f32a72ab-2c77-4191-bc5a-c439217c8a6e,ABT813030201,Sinproducto2,,0,,0,New,,3,
ee7248d7-2980-4921-8924-5bf70ce848bd,CORCELIP,ea63b952-1355-4ed4-97a5-b927edce0f1c,62f4518c-de4e-4621-b84c-023dd24132b4,EL AGUSTINO,11245165-5aaa-417e-83d3-1d04fd08433a,BCD828,3RO,608c91c9-4683-44f3-8b1f-c50b6551284f,63048,ARMKING RK29 11R22.5,5.92948,11.3,27829,10248,New,,3,
ee7248d7-2980-4921-8924-5bf70ce848bd,CORCELIP,ea63b952-1355-4ed4-97a5-b927edce0f1c,62f4518c-de4e-4621-b84c-023dd24132b4,EL AGUSTINO,ffaa8ab2-e0ab-4c7e-811c-adb7a2bcf9e2,BHU782,3LI,0d236026-7af1-41ea-b672-c6ae727d735a,33199,Super Cargo SC305 11R22.5,6.89474,23.3,17885,0,New,,3,3/10/2022 5:00:02 PM +00:00
ee7248d7-2980-4921-8924-5bf70ce848bd,CORCELIP,ea63b952-1355-4ed4-97a5-b927edce0f1c,62f4518c-de4e-4621-b84c-023dd24132b4,EL AGUSTINO,9d2b934f-adc9-4d9a-ad0a-49f427d2bcc4,BCD795,2RO,3e9ad411-6518-41ba-be57-c74397c88407,BCD795030401,ARMKING RK29 11R22.5,6.89474,6.4,,0,New,,2,
ee7248d7-2980-4921-8924-5bf70ce848bd,CORCELIP,ea63b952-1355-4ed4-97a5-b927edce0f1c,62f4518c-de4e-4621-b84c-023dd24132b4,EL AGUSTINO,c99e2481-69cc-4894-8c9d-151cd787ac52,BFP857,2LI,fd62cc6d-d60b-4a5a-9042-c9ea1bc90491,BFP857020201,Sinproducto2,,7,,0,New,,2,
ee7248d7-2980-4921-8924-5bf70ce848bd,CORCELIP,ea63b952-1355-4ed4-97a5-b927edce0f1c,62f4518c-de4e-4621-b84c-023dd24132b4,EL AGUSTINO,d6bbc721-586f-413b-89a4-09a094958d1e,AVP751,1RI,89a4b082-f336-4a04-b5a9-ca2df877f26f,33012,Super Cargo SC519 11R22.5,6.55001,10,70972,24942,New,,1,4/14/2021 4:59:58 PM +00:00
ee7248d7-2980-4921-8924-5bf70ce848bd,CORCELIP,ea63b952-1355-4ed4-97a5-b927edce0f1c,62f4518c-de4e-4621-b84c-023dd24132b4,EL AGUSTINO,b9851f7e-c29f-4eec-8cee-a95ca7840abd,BFP814,2RI,3d6f7f26-72ce-4fe1-a786-ca803f756e6b,BFP814020301,Sinproducto2,,0,,0,New,,2,
ee7248d7-2980-4921-8924-5bf70ce848bd,CORCELIP,ea63b952-1355-4ed4-97a5-b927edce0f1c,62f4518c-de4e-4621-b84c-023dd24132b4,EL AGUSTINO,c3a03b74-02ae-4aee-a77e-a590909b24b2,ADH825,2RO,89433497-10cd-4ee9-a5fe-cde5578591a0,ADH825020402,Sinproducto2,,0,,0,New,,2,11/18/2021 2:17:06 AM +00:00
ee7248d7-2980-4921-8924-5bf70ce848bd,CORCELIP,ea63b952-1355-4ed4-97a5-b927edce0f1c,62f4518c-de4e-4621-b84c-023dd24132b4,EL AGUSTINO,069ec405-68eb-4fae-a9c6-b02e41ff3e09,BFO814,2RI,56cfd6b6-dc99-4fee-afd8-ce1fa62b956f,33005,ROADLUX R305 11R22.5,1.37895,4,2900,7979,New,,2,4/4/2021 4:59:42 PM +00:00
ee7248d7-2980-4921-8924-5bf70ce848bd,CORCELIP,ea63b952-1355-4ed4-97a5-b927edce0f1c,62f4518c-de4e-4621-b84c-023dd24132b4,EL AGUSTINO,11245165-5aaa-417e-83d3-1d04fd08433a,BCD828,2RO,6a9847aa-37b0-420d-bf8e-d1198dc61d65,BCD828020401,Sinproducto,7.23948,1.2,,0,New,,2,
ee7248d7-2980-4921-8924-5bf70ce848bd,CORCELIP,ea63b952-1355-4ed4-97a5-b927edce0f1c,62f4518c-de4e-4621-b84c-023dd24132b4,EL AGUSTINO,52bbc5e4-4d09-4f7f-b2e9-e5b4ca8fdd38,ARI819,2LI,070abb09-5888-4aff-a445-d1c4c5c2f7ec,ARI819020201,Sinproducto2,,18,,0,New,,2,
ee7248d7-2980-4921-8924-5bf70ce848bd,CORCELIP,ea63b952-1355-4ed4-97a5-b927edce0f1c,62f4518c-de4e-4621-b84c-023dd24132b4,EL AGUSTINO,d6bbc721-586f-413b-89a4-09a094958d1e,AVP751,2RI,36fbfb1d-4293-4fc1-a099-d45441184b93,73052,Super Cargo SC305 11R22.5,6.89474,8,84418,3964,New,,2,7/27/2021 5:24:55 PM +00:00
ee7248d7-2980-4921-8924-5bf70ce848bd,CORCELIP,ea63b952-1355-4ed4-97a5-b927edce0f1c,62f4518c-de4e-4621-b84c-023dd24132b4,EL AGUSTINO,7e4a2f97-f716-4391-84a4-e0d595ececab,F3A937,3RI,8f310e5f-867f-47bb-9dbb-d63137ba0f80,93080,Super Cargo SC305 11R22.5,,19.9,93078,948,New,,3,9/9/2021 11:59:58 AM -05:00
ee7248d7-2980-4921-8924-5bf70ce848bd,CORCELIP,ea63b952-1355-4ed4-97a5-b927edce0f1c,62f4518c-de4e-4621-b84c-023dd24132b4,EL AGUSTINO,c3a03b74-02ae-4aee-a77e-a590909b24b2,ADH825,3LI,e84eca15-cd0d-4226-9459-d6dffe18189b,ADH825030202,Sinproducto2,,0,,0,New,,3,11/18/2021 2:17:06 AM +00:00
ee7248d7-2980-4921-8924-5bf70ce848bd,CORCELIP,ea63b952-1355-4ed4-97a5-b927edce0f1c,62f4518c-de4e-4621-b84c-023dd24132b4,EL AGUSTINO,b9851f7e-c29f-4eec-8cee-a95ca7840abd,BFP814,1RI,894d7c7c-dfda-4a23-b4df-d7e2366042c9,BFP814010401,,,,,0,,,1,
ee7248d7-2980-4921-8924-5bf70ce848bd,CORCELIP,ea63b952-1355-4ed4-97a5-b927edce0f1c,62f4518c-de4e-4621-b84c-023dd24132b4,EL AGUSTINO,52bbc5e4-4d09-4f7f-b2e9-e5b4ca8fdd38,ARI819,2RO,472b0b5b-8d5a-43a9-9770-d7fc5887abf3,63040,ARMKING RK29 11R22.5,6.96369,4,162246,2869,,,2,6/13/2021 4:59:49 PM +00:00
ee7248d7-2980-4921-8924-5bf70ce848bd,CORCELIP,ea63b952-1355-4ed4-97a5-b927edce0f1c,62f4518c-de4e-4621-b84c-023dd24132b4,EL AGUSTINO,ed5db4fb-2cbe-4430-911e-ca454a77f3e4,ARI758,3LO,63e93c7b-ef91-48cb-a710-d88ec5faeeb2,93099,Super Cargo SC305 11R22.5,,17.5,185340,6937,New,,3,9/24/2021 11:59:37 AM -05:00
ee7248d7-2980-4921-8924-5bf70ce848bd,CORCELIP,ea63b952-1355-4ed4-97a5-b927edce0f1c,62f4518c-de4e-4621-b84c-023dd24132b4,EL AGUSTINO,81db9ba7-d780-4810-a627-384a13f23c93,ALU734,2LO,bc71e7a9-d871-43d1-96b2-d8fe451e589f,ALU734020101,Sinproducto2,6.55001,6,,0,New,,2,
ee7248d7-2980-4921-8924-5bf70ce848bd,CORCELIP,ea63b952-1355-4ed4-97a5-b927edce0f1c,62f4518c-de4e-4621-b84c-023dd24132b4,EL AGUSTINO,81db9ba7-d780-4810-a627-384a13f23c93,ALU734,1RI,542cdca9-bd2c-48fc-8e8a-d9253a10f857,ALU734010401,Sinproducto2,6.89474,8,,0,New,,1,
ee7248d7-2980-4921-8924-5bf70ce848bd,CORCELIP,ea63b952-1355-4ed4-97a5-b927edce0f1c,62f4518c-de4e-4621-b84c-023dd24132b4,EL AGUSTINO,d6bbc721-586f-413b-89a4-09a094958d1e,AVP751,3RI,e913946f-6ed6-420b-8bfb-d98506f986fc,113120,Super Cargo SC305 11R22.5,,19.6,100127,3964,New,,3,11/30/2021 4:59:56 PM +00:00
ee7248d7-2980-4921-8924-5bf70ce848bd,CORCELIP,ea63b952-1355-4ed4-97a5-b927edce0f1c,62f4518c-de4e-4621-b84c-023dd24132b4,EL AGUSTINO,9d2b934f-adc9-4d9a-ad0a-49f427d2bcc4,BCD795,2RI,fcbeb222-5d5a-4994-ad5c-da11bd9dfb0c,BCD795030301,ARMKING RK29 11R22.5,,4.6,,0,New,,2,
ee7248d7-2980-4921-8924-5bf70ce848bd,CORCELIP,ea63b952-1355-4ed4-97a5-b927edce0f1c,62f4518c-de4e-4621-b84c-023dd24132b4,EL AGUSTINO,7daa6d6a-42c8-42df-8475-259aa4b4c300,ALU731,1RI,dfcb1dc1-54f2-4090-b0f2-db1d5e21c873,33009,Super Cargo SC519 11R22.5,6.75685,2.7,170354,25575,New,,1,4/15/2021 5:00:01 PM +00:00
ee7248d7-2980-4921-8924-5bf70ce848bd,CORCELIP,ea63b952-1355-4ed4-97a5-b927edce0f1c,62f4518c-de4e-4621-b84c-023dd24132b4,EL AGUSTINO,069ec405-68eb-4fae-a9c6-b02e41ff3e09,BFO814,1RI,da316b11-b68e-442f-88a2-de23ef44dc00,13150,Super Cargo SC211 11R22.5,6.41211,10.5,21214,6559,New,,1,1/8/2022 4:59:40 PM +00:00
ee7248d7-2980-4921-8924-5bf70ce848bd,CORCELIP,ea63b952-1355-4ed4-97a5-b927edce0f1c,62f4518c-de4e-4621-b84c-023dd24132b4,EL AGUSTINO,9d2b934f-adc9-4d9a-ad0a-49f427d2bcc4,BCD795,3RO,2040e2e4-dcad-4818-beca-defb05e2e9df,93095,ROADLUX R305 11R22.5,6.6879,20.6,51543,1109,New,,3,9/25/2021 12:24:58 PM -05:00
ee7248d7-2980-4921-8924-5bf70ce848bd,CORCELIP,ea63b952-1355-4ed4-97a5-b927edce0f1c,62f4518c-de4e-4621-b84c-023dd24132b4,EL AGUSTINO,7daa6d6a-42c8-42df-8475-259aa4b4c300,ALU731,3RO,c8e4afb8-35d6-4865-a9c9-e093ccbe4ea2,83070,Super Cargo SC305 11R22.5,6.75685,12.2,183271,12658,New,,3,8/16/2021 4:35:00 PM +00:00
ee7248d7-2980-4921-8924-5bf70ce848bd,CORCELIP,ea63b952-1355-4ed4-97a5-b927edce0f1c,62f4518c-de4e-4621-b84c-023dd24132b4,EL AGUSTINO,11245165-5aaa-417e-83d3-1d04fd08433a,BCD828,3LO,eb6cb24e-4947-4ed3-98b2-e2b64467f9a9,63047,ARMKING RK29 11R22.5,7.9979,12.2,27829,10248,New,,3,
ee7248d7-2980-4921-8924-5bf70ce848bd,CORCELIP,ea63b952-1355-4ed4-97a5-b927edce0f1c,62f4518c-de4e-4621-b84c-023dd24132b4,EL AGUSTINO,52bbc5e4-4d09-4f7f-b2e9-e5b4ca8fdd38,ARI819,3RO,b3930494-0696-4291-9576-e55d2b28dbcb,103102,Super Cargo SC305 11R22.5,,20.2,176757,2869,New,,3,
ee7248d7-2980-4921-8924-5bf70ce848bd,CORCELIP,ea63b952-1355-4ed4-97a5-b927edce0f1c,62f4518c-de4e-4621-b84c-023dd24132b4,EL AGUSTINO,01097855-0427-46a9-bc57-ab0080112c8b,AVO933,3RO,64976f0a-442a-42d1-8166-e65221e9a029,73060,Super Cargo SC305 11R22.5,7.03264,8.3,118003,8959,New,,3,8/12/2021 2:51:54 PM -05:00
ee7248d7-2980-4921-8924-5bf70ce848bd,CORCELIP,ea63b952-1355-4ed4-97a5-b927edce0f1c,62f4518c-de4e-4621-b84c-023dd24132b4,EL AGUSTINO,c99e2481-69cc-4894-8c9d-151cd787ac52,BFP857,1RI,eb739e63-6189-4be7-a64c-e690871356b1,BFP857010401,,,8.6,,0,,,1,
ee7248d7-2980-4921-8924-5bf70ce848bd,CORCELIP,ea63b952-1355-4ed4-97a5-b927edce0f1c,62f4518c-de4e-4621-b84c-023dd24132b4,EL AGUSTINO,52bbc5e4-4d09-4f7f-b2e9-e5b4ca8fdd38,ARI819,1LI,055dff5a-b1b3-4689-a0e4-e6aa12c9ab9c,43013,Super Cargo SC519 11R22.5,6.89474,2.2,157305,16801,New,,1,4/30/2021 4:59:50 PM +00:00
ee7248d7-2980-4921-8924-5bf70ce848bd,CORCELIP,ea63b952-1355-4ed4-97a5-b927edce0f1c,62f4518c-de4e-4621-b84c-023dd24132b4,EL AGUSTINO,81db9ba7-d780-4810-a627-384a13f23c93,ALU734,2RO,b8da1048-6c43-4a55-b682-e733f200d658,ALU734020401,Sinproducto2,6.61896,6,,0,New,,2,
ee7248d7-2980-4921-8924-5bf70ce848bd,CORCELIP,ea63b952-1355-4ed4-97a5-b927edce0f1c,62f4518c-de4e-4621-b84c-023dd24132b4,EL AGUSTINO,856e9285-2826-41a3-b0ad-7bc605aee33f,ARK927,2LI,97261e8c-f8c3-4330-b6e7-e9d0f4856e03,ARK927020201,Sinproducto2,,0.5,,0,New,,2,
ee7248d7-2980-4921-8924-5bf70ce848bd,CORCELIP,ea63b952-1355-4ed4-97a5-b927edce0f1c,62f4518c-de4e-4621-b84c-023dd24132b4,EL AGUSTINO,01097855-0427-46a9-bc57-ab0080112c8b,AVO933,3LI,d562e441-ff61-4d71-99bd-ea84c6132ec3,73055,Super Cargo SC305 11R22.5,6.89474,18.2,118003,8959,New,,3,8/12/2021 2:51:54 PM -05:00
ee7248d7-2980-4921-8924-5bf70ce848bd,CORCELIP,ea63b952-1355-4ed4-97a5-b927edce0f1c,62f4518c-de4e-4621-b84c-023dd24132b4,EL AGUSTINO,2d85ddda-dcd6-4754-885b-e0dd042f2a30,CHANGEAXLE01_ADH825,2RO,ba4ffb98-933b-4143-9751-efb307218527,ADH825020401,Sinproducto2,,0,,0,New,,2,
ee7248d7-2980-4921-8924-5bf70ce848bd,CORCELIP,ea63b952-1355-4ed4-97a5-b927edce0f1c,62f4518c-de4e-4621-b84c-023dd24132b4,EL AGUSTINO,ed5db4fb-2cbe-4430-911e-ca454a77f3e4,ARI758,1LI,8d089614-02ba-4305-ac74-f258e5dfbfef,ARI758001,275/80R22.5 FG85 TL 149/146L PI,6.96369,8.2,183864,8413,New,,1,9/8/2021 4:58:20 PM +00:00
ee7248d7-2980-4921-8924-5bf70ce848bd,CORCELIP,ea63b952-1355-4ed4-97a5-b927edce0f1c,62f4518c-de4e-4621-b84c-023dd24132b4,EL AGUSTINO,81db9ba7-d780-4810-a627-384a13f23c93,ALU734,3RO,312f14a3-ea66-4f20-869b-f2e664bfd4f7,83072,Super Cargo SC305 11R22.5,6.75685,13.5,189225,11583,New,,3,8/17/2021 5:00:02 PM +00:00
ee7248d7-2980-4921-8924-5bf70ce848bd,CORCELIP,ea63b952-1355-4ed4-97a5-b927edce0f1c,62f4518c-de4e-4621-b84c-023dd24132b4,EL AGUSTINO,2d85ddda-dcd6-4754-885b-e0dd042f2a30,CHANGEAXLE01_ADH825,2RI,99d3470d-7c57-4df6-add2-f3c1e1a66d22,ADH825020301,Sinproducto2,,0,,0,New,,2,
ee7248d7-2980-4921-8924-5bf70ce848bd,CORCELIP,ea63b952-1355-4ed4-97a5-b927edce0f1c,62f4518c-de4e-4621-b84c-023dd24132b4,EL AGUSTINO,7e4a2f97-f716-4391-84a4-e0d595ececab,F3A937,3RO,b32579d0-9452-4c7b-81e0-f4bdeb3165c3,93088,Super Cargo SC305 11R22.5,6.96369,20.3,93078,948,New,,3,9/9/2021 11:59:58 AM -05:00
ee7248d7-2980-4921-8924-5bf70ce848bd,CORCELIP,ea63b952-1355-4ed4-97a5-b927edce0f1c,62f4518c-de4e-4621-b84c-023dd24132b4,EL AGUSTINO,856e9285-2826-41a3-b0ad-7bc605aee33f,ARK927,3LI,e2e10d62-db14-4d51-a8f5-f5bd0e466405,73051,Super Cargo SC305 11R22.5,,16.8,186835,0,New,,3,8/12/2021 10:05:05 PM +00:00
ee7248d7-2980-4921-8924-5bf70ce848bd,CORCELIP,ea63b952-1355-4ed4-97a5-b927edce0f1c,62f4518c-de4e-4621-b84c-023dd24132b4,EL AGUSTINO,7e4a2f97-f716-4391-84a4-e0d595ececab,F3A937,2RI,7d5e7fc1-015e-4816-8b10-f6b27e1cfe40,63037,ARMKING RK29 11R22.5,6.6879,6.2,248310,0,New,,2,10/13/2021 5:00:00 PM +00:00
ee7248d7-2980-4921-8924-5bf70ce848bd,CORCELIP,ea63b952-1355-4ed4-97a5-b927edce0f1c,62f4518c-de4e-4621-b84c-023dd24132b4,EL AGUSTINO,88988b87-e0b5-4837-986f-36bd46408cb7,BHY771,2LO,be752813-17f7-4c5b-940d-f78d5def5454,BHY771020101,Sinproducto2,6.20527,8.9,,0,New,,2,
ee7248d7-2980-4921-8924-5bf70ce848bd,CORCELIP,ea63b952-1355-4ed4-97a5-b927edce0f1c,62f4518c-de4e-4621-b84c-023dd24132b4,EL AGUSTINO,ed5db4fb-2cbe-4430-911e-ca454a77f3e4,ARI758,3LI,0f16bf39-6c56-403e-842f-facad3df7ee5,93094,Super Cargo SC305 11R22.5,,16.7,185340,6937,New,,3,9/24/2021 11:59:37 AM -05:00
ee7248d7-2980-4921-8924-5bf70ce848bd,CORCELIP,ea63b952-1355-4ed4-97a5-b927edce0f1c,62f4518c-de4e-4621-b84c-023dd24132b4,EL AGUSTINO,7e4a2f97-f716-4391-84a4-e0d595ececab,F3A937,2LI,85373a43-db98-49bb-a28e-fb626171ebc8,43016,Super Cargo SC519 11R22.5,6.48106,2,248310,0,New,,2,10/13/2021 5:00:00 PM +00:00
ee7248d7-2980-4921-8924-5bf70ce848bd,CORCELIP,ea63b952-1355-4ed4-97a5-b927edce0f1c,62f4518c-de4e-4621-b84c-023dd24132b4,EL AGUSTINO,c3a03b74-02ae-4aee-a77e-a590909b24b2,ADH825,1RI,00bafe90-a936-4965-bdf8-fbc87f741fa8,ADH825010402,Sinproducto2,,0,,0,New,,1,11/18/2021 2:17:06 AM +00:00
ee7248d7-2980-4921-8924-5bf70ce848bd,CORCELIP,ea63b952-1355-4ed4-97a5-b927edce0f1c,62f4518c-de4e-4621-b84c-023dd24132b4,EL AGUSTINO,ffaa8ab2-e0ab-4c7e-811c-adb7a2bcf9e2,BHU782,2RI,0f433f4e-bc3a-4627-9dad-fc3f78da7b09,33003,ROADLUX R305 11R22.5,6.89474,6.2,7422,10463,New,,2,11/18/2021 2:23:07 AM +00:00
ee7248d7-2980-4921-8924-5bf70ce848bd,CORCELIP,ea63b952-1355-4ed4-97a5-b927edce0f1c,62f4518c-de4e-4621-b84c-023dd24132b4,EL AGUSTINO,b9851f7e-c29f-4eec-8cee-a95ca7840abd,BFP814,3LI,57efe242-e794-4b7f-8d4b-fec0325a128a,BFP814030201,Sinproducto2,,0,,0,New,,3,
